종목명,날짜,지분율(퍼센트)
(주)한미글로벌건축사사무소,2022-04-01,3.97
키움증권(주),2022-04-04,11.27
롯데칠성음료(주),2022-04-06,7.89
(주)유진테크,2022-04-06,6.19
삼성증권(주),2022-04-06,9.96
현대코퍼레이션,2022-04-07,5
(주)두산테스나,2022-04-07,8.47
(주)성광벤드,2022-04-08,5.05
효성첨단소재,2022-04-08,8.44
리노공업(주),2022-04-12,5.05
(주)DGB금융지주,2022-04-13,11.59
한화투자증권(주),2022-04-15,5.04
(주)서흥,2022-04-15,5
(주)현대홈쇼핑,2022-04-15,7.46
(주)한화,2022-04-15,6.76
SK텔레콤(주),2022-04-15,8.56
환인제약(주),2022-04-15,6.04
티케이지휴켐스,2022-04-15,7.1
HDC(주),2022-04-18,5.02
자화전자(주),2022-04-20,5.04
(주)BNK금융지주,2022-04-21,10.58
(주)만도,2022-04-21,12.56
CJ제일제당(주),2022-04-22,12.86
(주)상아프론테크,2022-04-25,3.89
대덕전자(주),2022-04-25,8.26
미래에셋증권(주),2022-04-28,5.86
한미사이언스(주),2022-04-28,5.05
(주)대웅제약,2022-04-29,9.2
SNT모티브(주),2022-05-02,9.29
두산에너빌리티,2022-05-02,5.53
LX인터내셔널,2022-05-02,8.54
현대오토에버,2022-05-03,6.02
대동,2022-05-04,8.47
한국콜마(주),2022-05-04,9.29
(주)풀무원,2022-05-09,4.79
(주)종근당홀딩스,2022-05-09,7.42
(주)인터로조,2022-05-10,8.45
롯데관광개발(주),2022-05-11,7.19
롯데렌탈(주),2022-05-11,5
(주)제이시스메디칼,2022-05-11,5.18
한미약품(주),2022-05-12,9.87
(주)이수페타시스,2022-05-12,6.72
팬오션(주),2022-05-12,8.33
한국가스공사(주),2022-05-12,9.95
(주)종근당,2022-05-13,8.34
한국단자공업(주),2022-05-13,11.2
(주)LG유플러스,2022-05-13,8.35
(주)신세계푸드,2022-05-13,9.61
삼성화재해상보험(주),2022-05-13,8.71
(주)두산,2022-05-18,10.73
SK케미칼(주),2022-05-19,6.97
피에스케이(주),2022-05-19,9.02
SKC(주),2022-05-19,9.42
LG전자(주),2022-05-19,7.52
씨제이대한통운(주),2022-05-19,9.16
씨제이프레시웨이(주),2022-05-19,5.07
(주)DGB금융지주,2022-05-20,10.57
(주)후성,2022-05-20,8.26
하이록코리아(주),2022-05-24,6.16
(주)카카오뱅크,2022-05-24,5.01
(주)태광,2022-05-24,6
대한해운(주),2022-05-25,5.01
한미반도체(주),2022-05-25,6.58
(주)한국카본,2022-05-25,8.86
에스케이디스커버리(주),2022-05-25,5.26
(주)대우건설,2022-05-25,6.96
(주)지누스,2022-05-26,6
SK가스(주),2022-05-26,6.02
(주)현대미포조선,2022-05-26,11.34
(주)오리온,2022-05-26,8.01
코스모신소재(주),2022-05-27,7.29
삼성전기(주),2022-05-27,8.8
(주)현대백화점,2022-05-31,12.32
엘지디스플레이(주),2022-05-31,5.33
오스템임플란트(주),2022-05-31,5.04
부광약품(주),2022-05-31,3.98
포스코홀딩스,2022-06-02,8.72
(주)심텍,2022-06-02,5.58
쿠쿠홈시스,2022-06-03,7.56
한국투자금융지주(주),2022-06-07,10.56
에스엘(주),2022-06-08,8.28
SK텔레콤(주),2022-06-08,7.53
(주)진성티이씨,2022-06-09,5.07
에스티팜(주),2022-06-10,8.17
(주)케이티,2022-06-10,11.63
한화에어로스페이스(주),2022-06-10,12.66
케이씨씨글라스,2022-06-13,8.09
메리츠증권(주),2022-06-13,5.93
(주)풍산,2022-06-13,8.16
레이,2022-06-13,5.04
(주)세아제강,2022-06-13,7.29
(주)신세계아이앤씨,2022-06-14,6.46
콘텐트리중앙,2022-06-14,11.12
(주)유니드,2022-06-14,9.77
에스케이하이닉스(주),2022-06-15,8.17
(주)제이와이피엔터테인먼트,2022-06-15,7.18
LX하우시스,2022-06-15,4.12
효성중공업,2022-06-16,5
현대로템(주),2022-06-16,6.13
네이버(주),2022-06-16,8.17
(주)원익머트리얼즈,2022-06-16,8.71
(주)와이지엔터테인먼트,2022-06-16,8.4
삼강엠앤티(주),2022-06-17,8.03
(주)카카오,2022-06-17,6.42
한일시멘트(주),2022-06-17,5
진에어,2022-06-20,6.54
(주)제주항공,2022-06-20,4.4
(주)에프앤에프,2022-06-20,7.31
(주)DB하이텍,2022-06-20,9.58
한화시스템,2022-06-20,6.99
롯데지주(주),2022-06-20,5.01
동원시스템즈(주),2022-06-20,6.04
(주)오스코텍,2022-06-21,5.04
하나머티리얼즈,2022-06-21,5.01
삼양식품(주),2022-06-21,6.27
(주)포스코인터내셔널,2022-06-21,10.18
(주)이녹스첨단소재,2022-06-22,8.77
해성디에스(주),2022-06-23,9.29
현대일렉트릭앤에너지시스템,2022-06-24,8.17
(주)아프리카티비,2022-06-27,8.32
롯데칠성음료(주),2022-06-27,8.9
OCI(주),2022-06-27,11.54
고려아연(주),2022-06-28,8.71
한전KPS(주),2022-06-28,11.42
제이알글로벌위탁관리부동산,2022-06-28,5.52
엔에이치엔(주),2022-06-29,7.51
롯데푸드(주),2022-06-29,3.1
(주)에스엠엔터테인먼트,2022-06-29,7.81
(주)하나투어,2022-06-29,6.27
DL,2022-06-29,10.34
한국항공우주산업(주),2022-06-29,10.37
엘에스일렉트릭,2022-06-29,12.16
현대건설기계(주),2022-06-30,8.11
(주)화신,2022-06-30,6.21
두산퓨얼셀,2022-06-30,5.18
(주)신세계인터내셔날,2022-06-30,10.23
지에스건설(주),2022-06-30,12.02
한세실업(주),2022-06-30,10.1
(주)천보,2022-07-01,4.05
한화솔루션(주),2022-07-01,8.93
(주)심텍,2022-07-05,4.52
우리금융지주,2022-07-07,7.86
현대로템(주),2022-07-08,7.19
(주)한독,2022-07-11,5.66
콘텐트리중앙,2022-07-11,12.15
카카오페이,2022-07-13,5.02
(주)인터로조,2022-07-13,9.5
(주)SPC삼립,2022-07-13,5.01
(주)DB하이텍,2022-07-14,8.58
솔루스첨단소재,2022-07-15,5.15
(주)테이팩스,2022-07-15,6.57
에이치디씨현대산업개발,2022-07-19,6.5
에스케이위탁관리부동산투자,2022-07-20,5.45
삼성카드(주),2022-07-20,5
(주)이녹스첨단소재,2022-07-21,7.74
㈜파크시스템스,2022-07-22,5.04
롯데관광개발(주),2022-07-25,6.17
(주)대웅제약,2022-07-26,10.22
효성티앤씨,2022-07-26,7.65
현대엘리베이터(주),2022-07-26,5.83
롯데칠성음료(주),2022-07-26,9.95
(주)포스코인터내셔널,2022-07-28,9.15
(주)엘지에너지솔루션,2022-07-29,5.01
(주)동원F&B,2022-07-29,6.04
(주)호텔신라,2022-08-01,7.58
(주)LG생활건강,2022-08-01,7.98
한세실업(주),2022-08-02,9.05
DL,2022-08-02,11.45
(주)JB금융지주,2022-08-02,8.21
덴티움,2022-08-03,6.27
(주)한진,2022-08-04,4.11
(주)진성티이씨,2022-08-05,4.05
아세아시멘트(주),2022-08-05,5.02
파미셀(주),2022-08-05,5.08
(주)신세계푸드,2022-08-08,8.6
하이트진로(주),2022-08-08,7.73
(주)코리아써키트,2022-08-08,3.81
(주)하나투어,2022-08-09,4.23
(주)SBS,2022-08-09,12.72
피에이치에이(주),2022-08-09,4.91
에이치에스디엔진(주),2022-08-09,5.08
(주)셀트리온,2022-08-09,7.4
(주)오리온,2022-08-10,9.04
롯데정밀화학(주),2022-08-10,10.96
한전KPS(주),2022-08-10,12.51
현대제철(주),2022-08-10,6.52
솔루엠,2022-08-10,5
(주)이녹스첨단소재,2022-08-11,4.56
세아베스틸지주,2022-08-11,5.02
케이카(주),2022-08-12,5.09
현대해상화재보험(주),2022-08-12,11.76
삼성전자(주),2022-08-16,7.68
현대오토에버,2022-08-16,7.04
(주)한샘,2022-08-16,6.39
(주)신세계,2022-08-17,11.59
(주)에스엠엔터테인먼트,2022-08-17,8.96
대상(주),2022-08-19,12.53
기아,2022-08-19,7.46
(주)이오테크닉스,2022-08-19,4.08
SK디앤디(주),2022-08-23,6.03
삼성증권(주),2022-08-23,8.95
레이,2022-08-23,3.92
(주)나노신소재,2022-08-24,5.26
(주)효성,2022-08-24,8.46
SK케미칼(주),2022-08-25,5.97
(주)후성,2022-08-25,7.25
코스맥스비티아이(주),2022-08-26,4.44
한화에어로스페이스(주),2022-08-26,12.4
(주)이마트,2022-08-26,8.92
케이씨씨글라스,2022-08-29,9.12
롯데관광개발(주),2022-08-29,5.17
삼양식품(주),2022-08-29,8.38
㈜아모그린텍,2022-08-29,5.26
지에스건설(주),2022-08-29,11.02
현대위아(주),2022-08-30,10.79
코스모신소재(주),2022-08-30,8.34
한국투자금융지주(주),2022-08-30,9.56
(주)오스코텍,2022-08-30,3.95
오스템임플란트(주),2022-08-31,3.89
(주)경동나비엔,2022-08-31,6.05
(주)오뚜기,2022-08-31,6.01
삼강엠앤티(주),2022-09-01,5.03
(주)유한양행,2022-09-01,10.76
씨에스윈드(주),2022-09-01,11.05
디엘이앤씨,2022-09-01,9.76
현대건설기계(주),2022-09-02,7.06
롯데렌탈(주),2022-09-05,6.02
(주)인텍플러스,2022-09-05,5.09
한화솔루션(주),2022-09-06,9.93
현대에너지솔루션,2022-09-07,8.43
(주)영풍,2022-09-07,5.01
명신산업,2022-09-07,7.44
HDC(주),2022-09-07,4.01
팬오션(주),2022-09-08,7.15
(주)화신,2022-09-13,4.97
한솔제지(주),2022-09-13,6.59
(주)현대미포조선,2022-09-13,10.15
(주)두산,2022-09-15,11.73
(주)유니드,2022-09-16,10.94
(주)지누스,2022-09-19,4.94
효성중공업,2022-09-19,6.04
(주)와이지엔터테인먼트,2022-09-20,7.39
(주)신세계아이앤씨,2022-09-20,5.45
(주)태광,2022-09-20,7.01
(주)유진테크,2022-09-21,4.13
지에스건설(주),2022-09-21,10.01
OCI(주),2022-09-22,10.32
(주)BNK금융지주,2022-09-22,9.57
(주)두산테스나,2022-09-23,6.3
DL,2022-09-26,12.59
(주)세아제강,2022-09-26,5.13
(주)대한항공,2022-09-26,6.27
(주)크래프톤,2022-09-26,6.96
진에어,2022-09-27,6.58
현대일렉트릭앤에너지시스템,2022-09-27,10.18
(주)제이브이엠,2022-09-27,6.25
한화에어로스페이스(주),2022-09-27,10.13
(주)현대백화점,2022-09-28,9.1
(주)아프리카티비,2022-09-28,5.22
(주)이수페타시스,2022-09-29,6.73
피에스케이(주),2022-09-29,7.97
하이트진로(주),2022-09-29,6.72
두산밥캣(주),2022-09-29,6.11
롯데칠성음료(주),2022-09-30,10.95
(주)성광벤드,2022-09-30,6.22
피아이첨단소재(주),2022-10-04,7.38
(주)농심,2022-10-05,12.07
(주)제이와이피엔터테인먼트,2022-10-05,7.25
씨제이대한통운(주),2022-10-05,8.77
(주)오리온홀딩스,2022-10-07,6.09
(주)KB금융지주,2022-10-12,7.94
세아제강지주,2022-10-14,5.03
SKC(주),2022-10-14,8.41
한국항공우주산업(주),2022-10-17,9.1
현대엘리베이터(주),2022-10-17,4.81
(주)나노신소재,2022-10-19,6.27
맥쿼리한국인프라투융자회사,2022-10-19,5.01
(주)대우건설,2022-10-21,5.89
지에스건설(주),2022-10-21,9
(주)한솔케미칼,2022-10-21,11.85
(주)케이씨씨,2022-10-24,9.05
삼성생명보험(주),2022-10-24,6.87
키움증권(주),2022-10-25,10.26
(주)인터로조,2022-10-25,10.56
코스맥스(주),2022-10-27,11.15
(주)원익머트리얼즈,2022-10-27,9.72
(주)현대백화점,2022-10-27,8.05
롯데정밀화학(주),2022-10-28,9.95
(주)원익큐엔씨,2022-11-01,6.54
(주)케이티,2022-11-02,10.63
롯데정보통신,2022-11-03,7.05
(주)천보,2022-11-03,5
코오롱글로벌(주),2022-11-03,4.75
삼성에스디에스(주),2022-11-04,7.73
(주)현대그린푸드,2022-11-07,7.78
해성디에스(주),2022-11-08,8.23
에스티팜(주),2022-11-09,7.13
자화전자(주),2022-11-09,4.03
SK네트웍스(주),2022-11-09,5.37
롯데관광개발(주),2022-11-10,4.03
(주)제이시스메디칼,2022-11-10,4.17
한국앤컴퍼니(주),2022-11-10,6.01
HL만도,2022-11-11,11.55
그랜드코리아레저(주),2022-11-11,8.94
(주)한국카본,2022-11-14,7.44
현대해상화재보험(주),2022-11-14,10.76
현대엘리베이터(주),2022-11-15,5.01
(주)DGB금융지주,2022-11-15,9.57
에스엘(주),2022-11-15,7.24
(주)태광,2022-11-16,8.05
대동,2022-11-16,5.8
한화시스템,2022-11-17,5.99
(주)지에스리테일,2022-11-17,9.29
한국가스공사(주),2022-11-17,8.92
덴티움,2022-11-18,7.31
제이알글보벌위탁관리부동산,2022-11-21,4.51
콘텐트리중앙,2022-11-21,10.95
한국투자금융지주(주),2022-11-23,8.54
(주)아프리카티비,2022-11-23,8.55
(주)와이지엔터테인먼트,2022-11-23,6.25
(주)신세계푸드,2022-11-24,7.48
(주)유진테크,2022-11-25,5.03
(주)이수페타시스,2022-11-25,8.92
대주전자재료(주),2022-11-25,5.06
레이,2022-11-28,5.01
(주)현대미포조선,2022-11-28,9.01
(주)두산,2022-11-30,13.78
메리츠화재해상보험(주),2022-12-01,6.1
디엘이앤씨,2022-12-01,10.82
(주)엘엑스홀딩스,2022-12-01,5.01
아세아제지(주),2022-12-02,6.12
(주)두산테스나,2022-12-02,7.3
(주)파마리서치,2022-12-05,7.12
(주)아모레퍼시픽,2022-12-05,7.39
더네이쳐홀딩스,2022-12-08,6.23
한국전력기술(주),2022-12-08,6.46
엘에스일렉트릭,2022-12-12,13.17
한솔제지(주),2022-12-12,7.6
현대두산인프라코어,2022-12-12,8.36
한미사이언스(주),2022-12-12,6.07
(주)SBS,2022-12-13,13.73
서진시스템,2022-12-14,5.3
한화생명보험(주),2022-12-15,6.12
(주)원익큐엔씨,2022-12-15,7.57
효성화학,2022-12-15,7.92
현대건설기계(주),2022-12-16,8.06
현대위아(주),2022-12-19,9.73
(주)동원F&B,2022-12-20,5.04
파미셀(주),2022-12-20,6.14
삼양식품(주),2022-12-20,9.51
(주)아모레퍼시픽그룹,2022-12-21,7.02
(주)성광벤드,2022-12-21,5.16
진에어,2022-12-22,7.31
현대건설(주),2022-12-22,8.46
(주)지누스,2022-12-22,5.01
(주)에스에프에이,2022-12-22,6.38
코스모화학(주),2022-12-23,5.06
(주)유니드비티플러스,2022-12-23,3.71
대한유화(주),2022-12-27,10.42
엘지이노텍(주),2022-12-27,9.04
현대일렉트릭앤에너지시스템,2022-12-27,12.36
주식회사 레고켐바이오사이언스,2022-12-28,5.09
덴티움,2022-12-28,8.36
(주)제주항공,2022-12-28,6.04
(주)화승엔터프라이즈,2022-12-28,8.58
(주)하나투어,2022-12-28,6.52
한올바이오파마(주),2022-12-29,8.35
(주)호텔신라,2022-12-29,10.67
코스모신소재(주),2022-12-29,7.31
피에스케이(주),2022-12-29,8.04
한국전력공사(주),2022-12-29,7.14
OCI(주),2023-01-02,8.25
(주)LG유플러스,2023-01-02,7.35
(주)포스코인터내셔널,2023-01-02,7.08
에스케이디스커버리(주),2023-01-03,4.23
효성화학,2023-01-03,6.87
(주)케이티스카이라이프,2023-01-04,5
(주)케이티앤지,2023-01-05,7.03
에스케이오션플랜트(주),2023-01-05,3.89
대한유화(주),2023-01-09,11.52
롯데케미칼(주),2023-01-09,8.73
(주)테이팩스,2023-01-09,4.41
멕아이씨에스,2023-01-10,5.05
(주)엠씨넥스,2023-01-12,5.02
현대일렉트릭앤에너지시스템,2023-01-12,13.38
씨제이프레시웨이(주),2023-01-13,3.98
엘지디스플레이(주),2023-01-13,4.32
코리안리재보험(주),2023-01-17,8.05
(주)영풍,2023-01-17,4
덴티움,2023-01-18,9.52
(주)하나투어,2023-01-19,8.67
(주)인터로조,2023-01-19,11.65
CJ제일제당(주),2023-01-19,11.85
롯데관광개발(주),2023-01-20,6.07
대주전자재료(주),2023-01-25,4.05
(주)에프앤에프,2023-01-25,8.38
대우조선해양(주),2023-01-26,5.03
(주)한국카본,2023-01-26,5.18
(주)유한양행,2023-01-27,9.75
현대모비스(주),2023-01-30,8.5
SK바이오팜,2023-01-30,6.02
(주)제주항공,2023-01-31,8.11
현대글로비스(주),2023-01-31,8.88
삼성화재해상보험(주),2023-01-31,7.71
롯데케미칼(주),2023-02-01,7.42
우리금융지주,2023-02-01,6.84
메리츠화재해상보험(주),2023-02-01,0
(주)JB금융지주,2023-02-03,7.17
(주)더존비즈온,2023-02-03,6.16
(주)신세계푸드,2023-02-06,6.11
엘에스일렉트릭,2023-02-07,11.94
ESR켄달스퀘어리츠,2023-02-09,5.01
현대두산인프라코어,2023-02-10,9.39
진에어,2023-02-10,10.56
(주)씨앤씨인터내셔널,2023-02-10,5.15
(주)제일기획,2023-02-13,9.21
(주)현대그린푸드,2023-02-14,6.78
키움증권(주),2023-02-14,11.32
(주)인텍플러스,2023-02-14,3.98
삼양식품(주),2023-02-15,11.52
롯데정보통신,2023-02-15,6.04
하이록코리아(주),2023-02-17,4.99
동성화인텍,2023-02-17,5.03
쏘카,2023-02-20,5.05
팬오션(주),2023-02-20,8.16
한화솔루션(주),2023-02-21,8.84
(주)에스엠엔터테인먼트,2023-02-21,4.32
엘지디스플레이(주),2023-02-22,5.02
롯데쇼핑(주),2023-02-22,5
(주)두산,2023-02-22,12.73
솔루스첨단소재,2023-02-22,6.22
(주)종근당홀딩스,2023-02-23,6.42
콘텐트리중앙,2023-02-24,10.95
금호석유화학(주),2023-02-24,7.51
(주)케이티,2023-02-27,8.53
에스티팜(주),2023-02-27,6.09
한솔제지(주),2023-02-28,6.54
한국가스공사(주),2023-02-28,7.85
(주)케이씨텍,2023-02-28,5.86
그랜드코리아레저(주),2023-02-28,9.99
(주)한진칼,2023-03-02,5.01
(주)나노신소재,2023-03-03,4.08
인텔리안테크,2023-03-06,6.13
에이치에스디엔진(주),2023-03-06,4
코웨이(주),2023-03-06,6.46
(주)현대미포조선,2023-03-06,6.91
코스모신소재(주),2023-03-06,7.17
율촌화학(주),2023-03-07,6.06
효성중공업,2023-03-07,7.03
한미반도체(주),2023-03-07,7.58
(주)원익큐엔씨,2023-03-07,6.54
(주)신세계인터내셔날,2023-03-07,9.23
한세실업(주),2023-03-07,10.06
(주)와이지-원,2023-03-07,3.96
드림텍,2023-03-08,5.05
(주)다우기술,2023-03-08,4.06
(주)제이와이피엔터테인먼트,2023-03-08,5.07
현대로템(주),2023-03-09,6.01
(주)엔씨소프트,2023-03-09,7.32
넥센타이어(주),2023-03-10,7.07
(주)원익머트리얼즈,2023-03-13,6.5
SK(주),2023-03-13,7.45
동아쏘시오홀딩스(주),2023-03-14,12.51
(주)BNK금융지주,2023-03-14,8.47
레이,2023-03-14,7.14
한국전력기술(주),2023-03-15,7.47
현대에너지솔루션,2023-03-16,4.62
피아이첨단소재(주),2023-03-16,8.48
효성티앤씨,2023-03-17,9.77
(주)천보,2023-03-17,3.96
솔루엠,2023-03-17,6.02
(주)유니드,2023-03-17,9.9
아이에스동서(주),2023-03-21,6.04
대한해운(주),2023-03-21,6.02
LX인터내셔널,2023-03-21,6.51
(주)대웅제약,2023-03-21,9.15
(주)파크시스템스,2023-03-22,4.04
(주)유진테크,2023-03-22,6.05
(주)한샘,2023-03-23,5.35
덕산네오룩스(주),2023-03-23,5.02
(주)아프리카티비,2023-03-23,8.49
(주)와이지엔터테인먼트,2023-03-24,9.41
코스맥스(주),2023-03-24,12.2
더네이쳐홀딩스,2023-03-24,3.95
현대건설기계(주),2023-03-27,7.06
(주)엘앤에프,2023-03-28,4
(주)메리츠금융지주,2023-03-28,7.77
한미사이언스(주),2023-03-28,7.09
티와이홀딩스,2023-03-28,7.28
(주)에스앤에스텍,2023-03-29,5.03
대신증권(주),2023-03-29,4.28
동원시스템즈(주),2023-03-30,4.99
두산밥캣(주),2023-03-30,7.12
(주)DGB금융지주,2023-03-31,8.78
SK네트웍스(주),2023-03-31,6.43
한화갤러리아(주),2023-03-31,5.21
(주)풍산,2023-04-03,9.21
(주)두산테스나,2023-04-03,8.41
오씨아이홀딩스,2023-04-04,9.27
(주)현대백화점,2023-04-04,6.93
(주)강원랜드,2023-04-05,6.06
메리츠증권(주),2023-04-05,0
(주)인텍플러스,2023-04-06,5.08
(주)에스원,2023-04-06,6.03
한화에어로스페이스(주),2023-04-06,9.12
(주)클리오,2023-04-07,5
신한금융지주회사,2023-04-11,7.76
(주)아프리카티비,2023-04-12,7.41
효성첨단소재,2023-04-13,9.47
(주)제이와이피엔터테인먼트,2023-04-13,4
레고켐바이오사이언스,2023-04-14,6.21
(주)유니드,2023-04-14,8.83
그랜드코리아레저(주),2023-04-14,11.06
(주)신세계,2023-04-14,12.59
에이비엘바이오(주),2023-04-17,5.06
㈜아모그린텍,2023-04-19,4.2
KG스틸,2023-04-19,5
대우조선해양(주),2023-04-20,6.04
코오롱인더스트리(주),2023-04-20,6.71
(주)화승엔터프라이즈,2023-04-20,7.5
동성화인텍,2023-04-20,6.04
롯데관광개발(주),2023-04-20,5.03
(주)원익큐엔씨,2023-04-24,7.55
티케이지휴켐스,2023-04-24,8.1
세아베스틸지주,2023-04-25,6.1
두산에너빌리티,2023-04-25,6.55
한화시스템,2023-04-26,7
(주)케이티스카이라이프,2023-04-27,3.99
에이치디현대건설기계,2023-04-27,8.13
에이치디현대인프라코어,2023-04-27,10.44
효성화학,2023-04-27,5.73
엘지이노텍(주),2023-04-27,10.13
하이트진로(주),2023-04-28,5.7
쿠쿠홈시스,2023-05-03,7.14
동아쏘시오홀딩스(주),2023-05-03,11.5
한세실업(주),2023-05-04,7.98
한화갤러리아(주),2023-05-04,4.07
현대코퍼레이션,2023-05-08,6.02
(주)에스앤에스텍,2023-05-09,6.31
대한유화(주),2023-05-09,10.46
(주)대웅,2023-05-10,4
에스엘(주),2023-05-12,8.26
(주)인터로조,2023-05-15,10.62
(주)화신,2023-05-17,6.28
엘지이노텍(주),2023-05-17,11.16
진에어,2023-05-18,9.37
SKC(주),2023-05-18,7.37
대동,2023-05-19,5.02
한올바이오파마(주),2023-05-19,9.6
삼성중공업(주),2023-05-23,7.04
서진시스템,2023-05-24,4.29
대우조선해양(주),2023-05-24,3.16
코스맥스(주),2023-05-25,13.23
인탑스(주),2023-05-25,6.05
(주)케이씨씨,2023-05-26,8.02
(주)포스코인터내셔널,2023-05-26,5.9
(주)제이브이엠,2023-05-26,4.21
(주)하이브,2023-05-30,7.63
(주)SBS,2023-05-31,14.74
(주)LG유플러스,2023-06-01,6.35
(주)아모텍,2023-06-01,6.48
피에이치에이(주),2023-06-01,5.03
(주)하나투어,2023-06-02,7.41
에스케이아이이테크놀로지(주,2023-06-02,6.11
세아제강지주,2023-06-08,6.06
(주)현대지에프홀딩스,2023-06-09,5.73
한솔제지(주),2023-06-12,5.52
하나머티리얼즈,2023-06-12,6.08
(주)태광,2023-06-12,7.04
(주)호텔신라,2023-06-12,9.42
에이치디한국조선해양,2023-06-12,6.8
(주)신세계인터내셔날,2023-06-12,7.08
(주)이마트,2023-06-13,7.9
(주)지에스,2023-06-13,6.34
(주)이녹스첨단소재,2023-06-13,5.08
(주)현대그린푸드,2023-06-13,4.8
솔루엠,2023-06-14,8.06
(주)아모레퍼시픽,2023-06-14,6.35
레이,2023-06-14,6.43
에이치에스디엔진(주),2023-06-14,6.11
(주)대웅제약,2023-06-14,8.12
하나마이크론(주),2023-06-15,5.03
피아이첨단소재(주),2023-06-15,9.56
(주)아이에스시,2023-06-15,6.15
(주)이오테크닉스,2023-06-15,5.18
한전KPS(주),2023-06-15,11.49
동국씨엠(주),2023-06-16,5.3
동국홀딩스,2023-06-16,5.41
(주)효성,2023-06-16,6.63
동국제강,2023-06-16,5.39
비나텍(주),2023-06-16,6.23
삼성SDI(주),2023-06-16,7.53
(주)후성,2023-06-16,6.24
(주)씨앤씨인터내셔널,2023-06-19,8.49
(주)엔씨소프트,2023-06-19,6.28
오씨아이(주),2023-06-19,7.4
효성중공업,2023-06-20,11.21
하이록코리아(주),2023-06-20,6.04
한국콜마(주),2023-06-20,11.64
(주)두산,2023-06-20,11.7
두산밥캣(주),2023-06-21,8.33
콘텐트리중앙,2023-06-21,6.54
(주)엠씨넥스,2023-06-22,3.99
피에스케이(주),2023-06-23,6.04
대덕전자(주),2023-06-23,11.62
(주)엘엑스세미콘,2023-06-23,7.22
(주)아모레퍼시픽그룹,2023-06-26,6.02
에스티팜(주),2023-06-27,5.07
LX인터내셔널,2023-06-28,8.55
(주)이수페타시스,2023-06-28,9.87
(주)원익머트리얼즈,2023-06-28,7.6
티이엠씨(주),2023-06-28,7.58
엘에스일렉트릭,2023-06-28,12.97
(주)세아제강,2023-06-29,6.14
해성디에스(주),2023-06-29,10.41
대상(주),2023-06-29,11.53
(주)에코앤드림,2023-06-29,6.33
(주)와이지엔터테인먼트,2023-06-29,7.12
씨에스윈드(주),2023-06-29,12.22
코스모신소재(주),2023-06-30,5.12
(주)LG생활건강,2023-06-30,6.99
(주)코스메카코리아,2023-07-03,6.17
현대로템(주),2023-07-04,7.03
한국콜마(주),2023-07-06,12.66
에이치디씨현대산업개발,2023-07-06,5.49
하이록코리아(주),2023-07-07,7.11
(주)현대미포조선,2023-07-10,7.96
(주)현대지에프홀딩스,2023-07-11,4.72
대한유화(주),2023-07-11,9.39
콘텐트리중앙,2023-07-11,4.52
효성중공업,2023-07-11,12.24
(주)JB금융지주,2023-07-11,6.14
(주)강원랜드,2023-07-12,5.04
(주)대한항공,2023-07-12,7.32
(주)지에스리테일,2023-07-12,8.96
(주)이마트,2023-07-12,6.87
(주)인텍플러스,2023-07-14,6.18
삼성중공업(주),2023-07-17,8.05
(주)유진테크,2023-07-17,4.86
디엔오토모티브,2023-07-18,5.01
(주)대웅제약,2023-07-20,7.1
(주)에프앤에프,2023-07-20,7.33
(주)이녹스첨단소재,2023-07-20,6.34
(주)인터로조,2023-07-24,9.6
동국홀딩스,2023-07-25,4.38
(주)케이씨텍,2023-07-25,4.84
하이트진로(주),2023-07-25,4.67
(주)한화,2023-07-25,7.61
(주)파크시스템스,2023-07-26,5
(주)유한양행,2023-07-27,10.8
(주)오리온,2023-07-27,8.04
동국씨엠(주),2023-07-27,4.16
(주)현대백화점,2023-07-27,8.15
파미셀(주),2023-07-28,5.12
세아베스틸지주,2023-07-28,7.11
(주)진시스템,2023-07-28,5.01
LG전자(주),2023-07-31,7.47
(주)아모텍,2023-08-03,4.32
SNT모티브(주),2023-08-03,8.28
(주)LS,2023-08-04,12.67
HL만도,2023-08-04,10.54
메드팩토,2023-08-07,3.99
(주)성광벤드,2023-08-09,6.34
지에스건설(주),2023-08-09,6.33
세아제강지주,2023-08-10,8.16
코스모화학(주),2023-08-11,4.06
(주)한독,2023-08-11,4.66
(주)제이시스메디칼,2023-08-16,6.13
(주)케이씨,2023-08-16,4.16
티케이지휴켐스,2023-08-17,9.16
(주)경동나비엔,2023-08-17,4.5
(주)제일기획,2023-08-18,10.21
한전KPS(주),2023-08-18,10.42
휠라홀딩스(주),2023-08-21,6.71
에이치디현대인프라코어,2023-08-21,10.37
포스코홀딩스,2023-08-22,7.72
한국앤컴퍼니(주),2023-08-22,3.8
(주)하나투어,2023-08-24,5.34
LX인터내셔널,2023-08-24,8.43
에이치디현대건설기계,2023-08-24,7.11
솔루엠,2023-08-25,9.1
(주)파마리서치,2023-08-25,8.41
현대엘리베이터(주),2023-08-25,6.2
디와이파워(주),2023-08-25,7.97
삼성엔지니어링(주),2023-08-25,8.04
(주)코스메카코리아,2023-08-28,9.59
케이씨씨글라스,2023-08-29,8.1
(주)와이지엔터테인먼트,2023-08-29,7.87
(주)유니드,2023-08-29,7.8
(주)아이에스시,2023-08-29,9.31
한세실업(주),2023-08-30,10.08
(주)포스코인터내셔널,2023-08-30,4.89
(주)현대백화점,2023-08-30,10.22
인탑스(주),2023-09-04,4.97
(주)태광,2023-09-04,8.23
(주)한솔케미칼,2023-09-04,10.84
국도화학(주),2023-09-04,5.06
(주)원익큐엔씨,2023-09-04,8.61
아세아제지(주),2023-09-05,3.98
덕산네오룩스(주),2023-09-05,6.04
(주)아프리카티비,2023-09-05,8.61
에스케이위탁관리부동산투자,2023-09-06,5.48
DL,2023-09-06,10.16
피에이치에이(주),2023-09-07,3.8
HL홀딩스,2023-09-07,5.37
엘에스일렉트릭,2023-09-07,10.91
(주)이노션,2023-09-07,10.05
삼양식품(주),2023-09-07,11.65
대양전기공업(주),2023-09-08,4.03
티이엠씨(주),2023-09-08,10
하나마이크론(주),2023-09-08,4.01
하나머티리얼즈,2023-09-08,7.12
(주)호텔신라,2023-09-08,12.93
쌍용씨앤이(주),2023-09-11,5.01
에이치케이이노엔(주),2023-09-11,5.04
(주)화신,2023-09-11,4.19
(주)아모레퍼시픽그룹,2023-09-11,8.08
코스모신소재(주),2023-09-11,4.11
한화시스템,2023-09-12,5.96
엘지이노텍(주),2023-09-12,10.48
네이버(주),2023-09-13,9.31
(주)SBS,2023-09-13,13.66
에스케이렌터카(주),2023-09-13,0.6
(주)두산테스나,2023-09-13,9.42
올릭스,2023-09-13,5.1
동아쏘시오홀딩스(주),2023-09-13,10.48
(주)파마리서치,2023-09-13,9.46
(주)비지에프리테일,2023-09-13,7.07
한미반도체(주),2023-09-14,6.49
씨제이씨지브이(주),2023-09-15,1.96
동국제강,2023-09-15,6.15
(주)비에이치,2023-09-18,5.02
해성디에스(주),2023-09-18,10.39
S-Oil(주),2023-09-19,8.32
(주)두산,2023-09-19,7.4
(주)심텍,2023-09-20,7.03
티와이홀딩스,2023-09-20,5.25
씨제이대한통운(주),2023-09-21,8.97
디엘이앤씨,2023-09-21,9.78
피엔에이치테크,2023-09-22,5.09
(주)케이씨씨,2023-09-22,9.04
(주)와이지엔터테인먼트,2023-09-22,6.79
(주)클리오,2023-09-25,7.12
(주)메리츠금융지주,2023-09-25,7.14
CJ(주),2023-09-26,11.01
(주)농심,2023-09-26,12.03
롯데관광개발(주),2023-09-26,5.02
동성화인텍,2023-09-26,6.07
피아이첨단소재(주),2023-09-26,8.49
그랜드코리아레저(주),2023-09-27,12.02
드림텍,2023-10-04,7.27
두산밥캣(주),2023-10-04,8.25
한화솔루션(주),2023-10-04,7.25
씨에스윈드(주),2023-10-04,10.15
에스케이위탁관리부동산투자,2023-10-06,3.96
한화에어로스페이스(주),2023-10-06,8.1
한미약품(주),2023-10-10,10.98
(주)제일기획,2023-10-10,11.22
DB손해보험(주),2023-10-11,9.27
국도화학(주),2023-10-12,6.06
(주)와이지엔터테인먼트,2023-10-12,5.78
삼양식품(주),2023-10-16,12.72
삼익THK(주),2023-10-17,3.99
금호석유화학(주),2023-10-23,9.27
SNT모티브(주),2023-10-23,7.27
한화오션,2023-10-23,6.1
하이록코리아(주),2023-10-24,8.31
디엔오토모티브,2023-10-25,6.02
CJ(주),2023-10-25,12.02
에스케이디스커버리(주),2023-10-25,5
멕아이씨에스,2023-10-26,2.49
대덕전자(주),2023-10-26,10.52
(주)두산,2023-10-26,6.19
에이치디현대인프라코어,2023-10-27,9.27
피엔에이치테크,2023-10-31,6.11
(주)씨앤씨인터내셔널,2023-11-03,11.89
(주)종근당홀딩스,2023-11-06,5.34
DL,2023-11-06,11.19
(주)코스메카코리아,2023-11-07,12.09
SKC(주),2023-11-08,5.76
S-Oil(주),2023-11-08,7.3
효성티앤씨,2023-11-08,11.08
진에어,2023-11-08,8.28
(주)이노션,2023-11-08,9.03
한올바이오파마(주),2023-11-08,11.53
(주)이마트,2023-11-08,7.96
(주)클리오,2023-11-08,9.29
HL만도,2023-11-09,8.52
포스코홀딩스,2023-11-09,6.71
(주)진시스템,2023-11-10,7.11
에이치엠엠,2023-11-10,3.65
엘에스일렉트릭,2023-11-10,9.89
오씨아이(주),2023-11-10,8.43
(주)세아제강,2023-11-10,5.13
(주)인텍플러스,2023-11-13,5.16
(주)성광벤드,2023-11-14,5.23
두산밥캣(주),2023-11-14,7.22
(주)와이솔,2023-11-14,5.03
주식회사 레고켐바이오사이언스,2023-11-14,7.28
쏘카,2023-11-15,3.99
효성화학,2023-11-15,4.61
(주)한솔케미칼,2023-11-16,11.86
티와이홀딩스,2023-11-16,4.24
(주)아프리카티비,2023-11-16,7.57
(주)유한양행,2023-11-17,9.79
에이치디현대건설기계,2023-11-22,5.07
지에스건설(주),2023-11-24,7.41
기가비스(주),2023-11-27,5.39
세아제강지주,2023-11-27,10.18
솔루엠,2023-11-27,10.16
원텍(주),2023-11-27,5.03
한화오션,2023-11-28,5.01
(주)아이에스시,2023-11-28,6.66
동아쏘시오홀딩스(주),2023-11-29,9.46
(주)우신시스템,2023-11-29,5.1
SK가스(주),2023-11-29,5.01
롯데쇼핑(주),2023-11-29,7.02
(주)비지에프리테일,2023-12-01,8.23
롯데웰푸드,2023-12-01,5
(주)에코앤드림,2023-12-04,5.29
(주)아모레퍼시픽그룹,2023-12-05,7.08
(주)엔씨소프트,2023-12-05,7.32
(주)종근당,2023-12-05,8.35
(주)아프리카티비,2023-12-07,6.55
에이치디현대,2023-12-07,8.53
대한유화(주),2023-12-07,11.53
(주)지누스,2023-12-12,4.01
하이트진로(주),2023-12-14,5.01
파미셀(주),2023-12-14,4.06
에이치에스디엔진(주),2023-12-15,7.16
한국타이어앤테크놀로지(주),2023-12-15,7.01
(주)이수페타시스,2023-12-15,12.1
(주)제이시스메디칼,2023-12-15,4.78
(주)풍산,2023-12-15,11.28
(주)한섬,2023-12-15,9.23
(주)두산테스나,2023-12-15,7.18
메드팩토,2023-12-18,3.01
(주)큐리언트,2023-12-18,4.57
동국제강,2023-12-18,8.29
(주)에스티아이,2023-12-18,3.66
(주)신세계인터내셔날,2023-12-19,9.09
에스케이오션플랜트(주),2023-12-19,5.03
(주)비에이치,2023-12-19,7.25
코미코,2023-12-19,5.01
팬오션(주),2023-12-20,6.87
SK이노베이션(주),2023-12-21,7.21
롯데관광개발(주),2023-12-21,4.02
롯데지주(주),2023-12-21,6.02
에스티팜(주),2023-12-21,4
씨에스윈드(주),2023-12-21,11.16
(주)LS,2023-12-21,13.71
LX인터내셔널,2023-12-22,8.51
티케이지휴켐스,2023-12-22,10.17
솔루스첨단소재,2023-12-22,5.11
주식회사 레고켐바이오사이언스,2023-12-26,5.85
효성중공업,2023-12-28,11.21
(주)제이엘케이,2023-12-28,6.31
대동,2023-12-28,4.02
(주)셀트리온,2023-12-28,5.22
한화솔루션(주),2023-12-28,8.27
(주)호텔신라,2023-12-28,9.84
해성디에스(주),2024-01-02,9.33
에이치케이이노엔(주),2024-01-03,8.29
에이비엘바이오(주),2024-01-04,5.01
(주)유니드,2024-01-04,9.09
한미사이언스(주),2024-04-01,6.04
(주)아모텍,2024-04-02,5.09
한세실업(주),2024-04-03,11.08
(주)제이브이엠,2024-04-04,5.02
(주)서흥,2024-04-04,4
(주)인터로조,2024-04-05,7.01
현대위아(주),2024-04-05,8.73
키움증권(주),2024-04-05,12.29
주성엔지니어링(주),2024-04-08,5.13
(주)신세계아이앤씨,2024-04-09,4.45
(주)두산,2024-04-09,9.49
하이트진로(주),2024-04-18,6.02
CJ(주),2024-04-19,13.03
피에스케이홀딩스(주),2024-04-22,5.06
롯데관광개발(주),2024-04-22,5.01
대한해운(주),2024-04-23,6.05
삼성증권(주),2024-04-23,10.56
코스맥스(주),2024-04-24,13.2
대한유화(주),2024-04-24,9.34
(주)현대홈쇼핑,2024-04-24,4.72
대덕전자(주),2024-04-25,8.45
(주)제이엘케이,2024-04-26,5.07
에이치디현대건설기계,2024-05-02,8.16
삼성전기(주),2024-05-02,10.82
(주)크래프톤,2024-05-02,6.52
세방전지(주),2024-05-03,7.39
(주)테크윙,2024-05-08,5.16
현대해상화재보험(주),2024-05-08,9.67
효성중공업,2024-05-09,12.21
(주)LG생활건강,2024-05-10,10.23
리노공업(주),2024-05-10,5.44
삼화전기(주),2024-05-10,9.5
(주)칩스앤미디어,2024-05-10,1.99
삼화콘덴서공업(주),2024-05-13,6.21
에이치디씨현대산업개발,2024-05-14,7.56
(주)태광,2024-05-17,3.99
삼양식품(주),2024-05-17,9.43
엘아이지넥스원(주),2024-05-17,10.67
원텍(주),2024-05-20,5.01
솔루엠,2024-05-21,7.87
한화에어로스페이스(주),2024-05-22,7.56
레이,2024-05-22,4.31
씨에스윈드(주),2024-05-23,8.93
(주)엠로,2024-05-24,7.17
SK이노베이션(주),2024-05-27,6.2
(주)디아이,2024-05-27,5.06
(주)호텔신라,2024-05-28,5.6
(주)SPC삼립,2024-05-30,3.99
한미약품(주),2024-05-30,9.95
(주)비에이치,2024-05-31,7.33
(주)하이브,2024-05-31,6.57
(주)LS,2024-06-03,12.7
한국가스공사(주),2024-06-04,7.69
(주)셀트리온,2024-06-05,6.24
에이치디현대일렉트릭,2024-06-05,8
엘지이노텍(주),2024-06-05,10.48
(주)코스메카코리아,2024-06-10,8.67
대상(주),2024-06-10,11.71
롯데웰푸드,2024-06-10,7.11
(주)토니모리,2024-06-10,5.03
(주)제이시스메디칼,2024-06-10,2.98
(주)글로벌스탠다드테크놀로지,2024-06-10,3.92
(주)유한양행,2024-06-11,8.76
씨제이대한통운(주),2024-06-12,9.33
에이치디현대마린솔루션(주),2024-06-12,6.23
에이치케이이노엔(주),2024-06-13,6.25
동성화인텍,2024-06-13,4.01
(주)한화,2024-06-13,5.16
(주)유니드,2024-06-13,8.07
한화엔진,2024-06-14,12.77
(주)에이피알,2024-06-14,10.75
대한전선(주),2024-06-17,5.01
(주)오리온,2024-06-17,9.12
(주)농심,2024-06-18,11.04
엘에스일렉트릭,2024-06-18,10.94
오씨아이홀딩스,2024-06-19,9.41
(주)아이에스시,2024-06-19,6.64
(주)에스티아이,2024-06-19,6.09
코미코,2024-06-19,6.18
HL만도,2024-06-20,9.58
동국제강,2024-06-20,7.2
(주)SBS,2024-06-20,10.52
LX인터내셔널,2024-06-20,9.81
(주)씨앤씨인터내셔널,2024-06-21,8.54
LX하우시스,2024-06-21,5.08
드림텍,2024-06-24,4.24
(주)제주항공,2024-06-24,7.09
(주)영원무역홀딩스,2024-06-24,5.01
에이치디현대미포,2024-06-24,10.18
티이엠씨(주),2024-06-25,5.62
(주)제일기획,2024-06-25,10.19
(주)DB하이텍,2024-06-25,7.29
쿠쿠홈시스,2024-06-25,4.1
(주)케이씨텍,2024-06-25,7.53
(주)이마트,2024-06-26,5.89
에이치디씨현대산업개발,2024-06-26,8.59
CJ제일제당(주),2024-06-26,12.87
(주)제이에스코퍼레이션,2024-06-26,5.04
자화전자(주),2024-06-27,8.09
엘지디스플레이(주),2024-06-27,5.02
(주)파마리서치,2024-06-27,5.8
(주)풍산,2024-06-27,9.19
(주)원익큐엔씨,2024-06-28,9.49
삼성증권(주),2024-06-28,11.61
세아베스틸지주,2024-07-02,6.36
세아제강지주,2024-07-02,11.21
애경케미칼(주),2024-07-02,5.01
피에스케이홀딩스(주),2024-07-03,3.98
원텍(주),2024-07-03,3.89
NH투자증권(주),2024-07-04,7.29
(주)LG생활건강,2024-07-04,9.22
(주)제이에스코퍼레이션,2024-07-05,3.89
(주)세아제강,2024-07-08,4.07
CJ(주),2024-07-08,12.02
(주)제이브이엠,2024-07-09,3.92
현대오토에버,2024-07-09,6.5
아세아시멘트(주),2024-07-09,4.01
대상(주),2024-07-10,12.72
(주)에이피알,2024-07-11,8.38
삼성증권(주),2024-07-11,12.61
(주)디아이,2024-07-11,3.7
(주)신세계인터내셔날,2024-07-12,8.01
(주)엘엑스홀딩스,2024-07-15,4
(주)제이엘케이,2024-07-15,3.4
대주전자재료(주),2024-07-15,4.07
디와이파워(주),2024-07-15,5.83
(주)아이에스시,2024-07-15,4.19
롯데쇼핑(주),2024-07-16,5.99
(주)성광벤드,2024-07-16,6.05
(주)케이씨텍,2024-07-16,8.55
(주)SBS,2024-07-16,9.5
엘아이지넥스원(주),2024-07-17,9.67
(주)케이씨씨,2024-07-17,10.15
(주)테크윙,2024-07-17,3.93
한일시멘트(주),2024-07-18,4
엔에이치엔(주),2024-07-18,7.47
SK케미칼(주),2024-07-19,5.26
(주)DGB금융지주,2024-07-22,6.77
에이치디현대인프라코어,2024-07-23,10.49
한국단자공업(주),2024-07-23,10.19
에이치디현대건설기계,2024-07-24,9.26
에이치디씨현대산업개발,2024-07-24,9.61
주성엔지니어링(주),2024-07-25,3.94
(주)원익큐엔씨,2024-07-26,8.42
(주)두산,2024-07-29,8.47
삼성전기(주),2024-07-29,9.81
(주)풍산,2024-07-30,8.18
일진전기(주),2024-07-31,3.99
한국전력기술(주),2024-07-31,8.39
에이치디현대미포,2024-08-01,11.25
(주)DB하이텍,2024-08-01,9.32
효성티앤씨,2024-08-01,9.06
해성디에스(주),2024-08-02,7.23
한미반도체(주),2024-08-02,5.39
리노공업(주),2024-08-02,4.41
(주)코스메카코리아,2024-08-05,12.15
티이엠씨(주),2024-08-06,4.6
솔루엠,2024-08-06,6.78
(주)씨앤씨인터내셔널,2024-08-07,7.08
한올바이오파마(주),2024-08-08,10.49
진에어,2024-08-08,6.23
케이카(주),2024-08-09,4.08
에스케이디스커버리(주),2024-08-09,4.21
피에스케이(주),2024-08-13,6.09
(주)아모레퍼시픽,2024-08-16,6.4
동국제강,2024-08-19,5.15
그랜드코리아레저(주),2024-08-20,7.87
(주)대웅제약,2024-08-20,10.19
(주)리가켐 바이오사이언스,2024-08-20,5.08
에이치디씨현대산업개발,2024-08-21,10.87
오씨아이홀딩스,2024-08-23,7.38
(주)유한양행,2024-08-26,7.76
(주)에이치에스효성,2024-08-27,4.55
지에스건설(주),2024-08-27,9.51
(주)녹십자,2024-08-28,9.76
삼화전기(주),2024-08-29,10.13
팬오션(주),2024-08-29,6.55
(주)하나투어,2024-08-30,6.63
(주)시프트업,2024-08-30,6.15
에이치디현대,2024-09-02,8.56
(주)한솔케미칼,2024-09-02,9.81
코미코,2024-09-04,5.09
씨제이대한통운(주),2024-09-04,10.33
(주)이수페타시스,2024-09-04,10.74
코스맥스(주),2024-09-04,10.9
(주)에코프로머티리얼즈,2024-09-05,5.03
대한유화(주),2024-09-05,8.27
덴티움,2024-09-05,7.88
(주)에스앤에스텍,2024-09-06,4.25
하나머티리얼즈,2024-09-06,4.29
한국투자금융지주(주),2024-09-09,9.73
에이피시스템(주),2024-09-09,3.8
에이치디씨현대산업개발,2024-09-10,11.88
(주)뷰노,2024-09-10,5.11
코리안리재보험(주),2024-09-10,7.4
STX엔진(주),2024-09-11,8.25
(주)비지에프리테일,2024-09-11,7.25
삼성카드(주),2024-09-11,6.02
엘에스일렉트릭,2024-09-12,8.82
(주)이마트,2024-09-12,7.95
덕산네오룩스(주),2024-09-19,5.59
JW중외제약(주),2024-09-19,5.02
(주)지아이이노베이션,2024-09-23,5.04
(주)제주항공,2024-09-25,6.08
SK네트웍스(주),2024-09-25,5.33
자화전자(주),2024-09-25,7.05
(주)엠로,2024-09-26,6.33
넷마블,2024-09-27,5.15
(주)비에이치,2024-09-27,7.19
(주)클리오,2024-09-27,5
한화인더스트리얼솔루션즈㈜,2024-09-27,6.34
(주)이녹스첨단소재,2024-09-27,5.06
엘지이노텍(주),2024-09-30,9.45
에이치케이이노엔(주),2024-09-30,7.28
CJ제일제당(주),2024-09-30,11.86
(주)대웅,2025-01-07,5.01
두산로보틱스(주),2025-01-07,5.01
지에스건설(주),2025-01-09,8.47
DL,2025-01-09,10.15
(주)신세계푸드,2025-01-10,4.04
(주)TCC스틸,2025-01-10,5
SK이노베이션(주),2025-01-10,6.07
하나머티리얼즈,2025-01-13,5.01
LS에코에너지,2025-01-13,6.04
디아이동일(주),2025-01-15,5.18
(주)호텔신라,2025-01-15,5.01
오씨아이홀딩스,2025-01-16,8.49
(주)풍산,2025-01-17,8.17
(주)에프앤에프,2025-01-17,7.31
롯데정밀화학(주),2025-01-20,8.89
진에어,2025-01-20,4.01
에이치디현대마린엔진,2025-01-21,5.01
한화엔진,2025-01-21,11.8
DB손해보험(주),2025-01-21,7.21
(주)삼양홀딩스,2025-01-21,4.79
LX인터내셔널,2025-01-21,9.84
(주)에스티아이,2025-01-22,7.27
(주)이노션,2025-01-22,8.02
에이치디현대미포,2025-01-23,11.22
(주)씨앤씨인터내셔널,2025-01-23,3.89
롯데칠성음료(주),2025-01-31,8.71
SNT모티브(주),2025-01-31,8.41
두산에너빌리티,2025-02-03,7.86
삼화전기(주),2025-02-03,7.82
(주)제주항공,2025-02-03,5.05
동아에스티(주),2025-02-04,6.81
(주)한화,2025-02-04,6.16
(주)더존비즈온,2025-02-05,10.33
씨에스윈드(주),2025-02-05,8.9
(주)아모레퍼시픽,2025-02-06,7.42
올릭스,2025-02-07,3.78
비에이치아이주식회사,2025-02-07,3.96
(주)BNK금융지주,2025-02-10,9.63
한국투자금융지주(주),2025-02-10,11.8
피엔에이치테크,2025-02-12,7.13
대덕전자(주),2025-02-12,8.38
(주)진시스템,2025-02-12,6.08
(주)하나투어,2025-02-12,8.78
현대건설(주),2025-02-14,9.07
씨제이대한통운(주),2025-02-17,11.42
그랜드코리아레저(주),2025-02-17,6.84
(주)이녹스첨단소재,2025-02-18,6.04
(주)비지에프리테일,2025-02-18,8.27
대한전선(주),2025-02-18,6.03
(주)DGB금융지주,2025-02-19,7.78
(주)한솔케미칼,2025-02-19,12.15
(주)엠로,2025-02-19,7.22
(주)현대백화점,2025-02-20,10.88
하나머티리얼즈,2025-02-21,6.09
(주)SBS,2025-02-21,10.51
(주)경동나비엔,2025-02-24,8.16
대주전자재료(주),2025-02-25,5.1
두산밥캣(주),2025-02-25,8.41
(주)와이지엔터테인먼트,2025-02-26,5.03
STX엔진(주),2025-02-26,10.36
현대코퍼레이션,2025-02-26,5.96
(주)두산테스나,2025-02-27,5.03
(주)LG유플러스,2025-02-28,7.37
(주)케이티앤지,2025-02-28,7.5
(주)실리콘투,2025-03-04,3.87
(주)디아이,2025-03-04,3.77
HL만도,2025-03-05,12.73
(주)영원무역홀딩스,2025-03-05,3.99
(주)세아제강,2025-03-05,6.62
화승인더스트리(주),2025-03-06,6.05
(주)화승엔터프라이즈,2025-03-06,6.13
넥센타이어(주),2025-03-06,5.03
(주)원익큐엔씨,2025-03-06,6.34
(주)카카오뱅크,2025-03-07,6.01
일진전기(주),2025-03-07,8.59
(주)포스코디엑스,2025-03-07,5.01
(주)이마트,2025-03-07,12.25
금호석유화학(주),2025-03-07,10.85
현대제철(주),2025-03-07,9.31
(주)한솔케미칼,2025-03-07,13.15
에이치디현대인프라코어,2025-03-10,11.49
(주)신세계,2025-03-10,11.59
코스모신소재(주),2025-03-10,5.01
해성디에스(주),2025-03-11,8.29
한솔제지(주),2025-03-12,4.49
(주)지에스피앤엘,2025-03-12,6.59
(주)성광벤드,2025-03-12,6.14
엘에스일렉트릭,2025-03-12,8.79
롯데케미칼(주),2025-03-12,7.39
에이치디씨현대산업개발,2025-03-13,12.94
에스케이위탁관리부동산투자,2025-03-13,5
티케이지휴켐스,2025-03-13,8.16
산일전기,2025-03-13,6.24
네이버(주),2025-03-13,9.24
(주)오리온홀딩스,2025-03-14,4.07
한화비전,2025-03-14,8.5
한화엔진,2025-03-14,10.8
(주)케이씨씨,2025-03-14,12.25
SKC(주),2025-03-14,6.02
동성화인텍,2025-03-14,5.01
(주)에스앤에스텍,2025-03-17,5
피에스케이(주),2025-03-18,8.12
포스코홀딩스,2025-03-19,8.29
미래에셋증권(주),2025-03-21,6.15
덕산네오룩스(주),2025-03-21,5.66
삼화콘덴서공업(주),2025-03-21,5.15
한올바이오파마(주),2025-03-21,9.33
한국콜마(주),2025-03-24,13.49
에이치엠엠,2025-03-24,6.02
(주)이수페타시스,2025-03-24,13.47
한세실업(주),2025-03-26,10.08
(주)LG화학,2025-03-26,8.64
명신산업,2025-03-26,4.26
대한유화(주),2025-03-27,9.3
(주)테스,2025-03-27,6.08
(주)빙그레,2025-03-27,6.09
SK스퀘어,2025-04-02,7.67
(주)티씨케이,2025-04-02,5.01
한화비전,2025-04-04,9.54
(주)엠로,2025-04-07,8.28
(주)BNK금융지주,2025-04-07,8.57
(주)포스코디엑스,2025-04-09,6.02
피엔에이치테크,2025-04-10,4.99
하나머티리얼즈,2025-04-16,4.93
현대위아(주),2025-04-16,9.29
(주)이수페타시스,2025-04-18,12.11
에이치디현대마린솔루션(주),2025-04-18,7.23
CJ(주),2025-04-18,13.04
STX엔진(주),2025-04-21,6.07
(주)더블유게임즈,2025-04-22,7.96
세방전지(주),2025-04-22,8.41
(주)성광벤드,2025-04-23,5.07
한화엔진,2025-04-23,11.8
(주)한글과컴퓨터,2025-04-23,5.05
에이치디현대중공업,2025-04-28,7.38
에이치디현대건설기계,2025-04-30,10.29
(주)리가켐 바이오사이언스,2025-04-30,5.02
(주)아이엠금융지주,2025-05-02,8.83
현대건설(주),2025-05-08,11.2
세아제강지주,2025-05-08,12.22
(주)코스메카코리아,2025-05-08,10.93
롯데칠성음료(주),2025-05-08,7.65
(주)경동나비엔,2025-05-08,9.16
(주)두산테스나,2025-05-08,4.02
비나텍(주),2025-05-09,5.22
삼양식품(주),2025-05-09,9.46
(주)태광,2025-05-12,3.73
(주)LG유플러스,2025-05-12,8.42
(주)신세계,2025-05-12,12.7
덴티움,2025-05-12,6.82
한일시멘트(주),2025-05-12,5
(주)엘지씨엔에스,2025-05-13,5.05
지에스건설(주),2025-05-14,9.49
(주)인터로조,2025-05-14,4.65
일진전기(주),2025-05-14,7.58
한미약품(주),2025-05-15,11.53
CJ제일제당(주),2025-05-15,10.83
(주)메디톡스,2025-05-16,5.08
(주)디어유,2025-05-16,5.1
(주)후성,2025-05-16,4.17
(주)유니드,2025-05-19,7.07
한국투자금융지주(주),2025-05-20,12.86
디엘이앤씨,2025-05-20,12.21
에스케이오션플랜트(주),2025-05-20,9.12
(주)제이와이피엔터테인먼트,2025-05-20,5.03
쿠쿠홈시스,2025-05-21,5.07
(주)에코프로머티리얼즈,2025-05-21,4.01
넥센타이어(주),2025-05-21,4.01
삼화전기(주),2025-05-22,5.52
그랜드코리아레저(주),2025-05-22,7.86
한국전력공사(주),2025-05-23,7.9
(주)제주항공,2025-05-26,4.03
(주)호텔신라,2025-05-26,7.02
세아베스틸지주,2025-05-27,7.37
(주)한미글로벌건축사사무소,2025-05-27,5.21
덕산네오룩스(주),2025-05-27,7.84
(주)카카오,2025-05-27,6.4
롯데쇼핑(주),2025-05-28,9.14
디아이동일(주),2025-05-28,4.16
삼화콘덴서공업(주),2025-05-29,4.14
(주)현대백화점,2025-05-29,12.99
(주)에스앤에스텍,2025-05-29,3.86
현대코퍼레이션,2025-06-02,4.95
(주)세아제강,2025-06-02,5.21
(주)원익큐엔씨,2025-06-02,4.23
SK케미칼(주),2025-06-02,7.49
(주)비지에프리테일,2025-06-04,9.31
HL홀딩스,2025-06-04,6.41
지에스건설(주),2025-06-05,10.76
롯데관광개발(주),2025-06-05,7.05
(주)와이지엔터테인먼트,2025-06-05,7.24
현대위아(주),2025-06-09,8.22
현대오토에버,2025-06-09,8.22
대주전자재료(주),2025-06-10,4.09
(주)엘앤에프,2025-06-10,4.86
(주)브이티,2025-06-11,5.06
대신증권(주),2025-06-12,5
현대해상화재보험(주),2025-06-12,8.36
한국전력기술(주),2025-06-12,9.52
(주)시프트업,2025-06-12,6.08
(주)SBS,2025-06-12,11.52
(주)이녹스첨단소재,2025-06-13,5.01
엔에이치엔(주),2025-06-13,7.57
대한해운(주),2025-06-13,3
NH투자증권(주),2025-06-16,9.38
(주)비에이치,2025-06-16,3.94
(주)지에스피앤엘,2025-06-17,5.39
(주)에스티아이,2025-06-17,6.26
한화투자증권(주),2025-06-17,7.11
오씨아이(주),2025-06-17,5.36
HDC(주),2025-06-17,5.05
삼성SDI(주),2025-06-17,6.87
에이치디현대에너지솔루션,2025-06-17,3.88
ESR켄달스퀘어리츠,2025-06-18,6.83
(주)오뚜기,2025-06-18,4.99
(주)이마트,2025-06-18,12.19
에이치디현대인프라코어,2025-06-18,12.5
에이치디현대마린엔진,2025-06-18,6.09
(주)미코,2025-06-18,5.09
(주)농심,2025-06-18,9.99
HL만도,2025-06-19,10.69
현대엘리베이터(주),2025-06-19,9.27
산일전기,2025-06-20,7.26
두산밥캣(주),2025-06-23,7.35
한세실업(주),2025-06-23,8
JW중외제약(주),2025-06-24,4.01
현대제철(주),2025-06-25,10.44
해성디에스(주),2025-06-25,5.11
(주)한섬,2025-06-26,6.2
피아이첨단소재(주),2025-06-27,5.69
(주)한국카본,2025-06-27,7.25
엠앤씨솔루션,2025-06-27,6.16
(주)원익머트리얼즈,2025-06-30,8.64
(주)엔씨소프트,2025-06-30,8.34
넷마블,2025-06-30,6.15
(주)하나투어,2025-07-01,10.89
SK가스(주),2025-10-01,5
알에프에이치아이씨(주),2025-10-01,6.11
(주)오리온,2025-10-02,8.12
LX인터내셔널,2025-10-02,8.74
SK스퀘어,2025-10-10,8.8
(주)화승엔터프라이즈,2025-10-10,3.98
아모레퍼시픽홀딩스,2025-10-10,6.07
케이씨씨글라스,2025-10-13,6.01
한국전력기술(주),2025-10-14,10.57
포스코퓨처엠,2025-10-14,5.04
(주)브이티,2025-10-14,4.02
(주)케이씨씨,2025-10-14,11.23
DL,2025-10-15,9.02
(주)제일기획,2025-10-15,10.18
(주)두산테스나,2025-10-16,5.15
(주)더블유게임즈,2025-10-20,6.92
동국제강,2025-10-20,4.18
(주)유비쿼스,2025-10-23,5
(주)이녹스첨단소재,2025-10-24,3.97
(주)농심,2025-10-24,7.91
한국단자공업(주),2025-10-24,9.19
대한유화(주),2025-10-24,10.39
(주)아이에스시,2025-10-24,6.16
(주)유니드,2025-10-28,5.92
(주)한글과컴퓨터,2025-10-28,4.04
대한광통신(주),2025-10-28,5.11
(주)유진테크,2025-10-28,6.02
에스케이오션플랜트(주),2025-10-28,8
(주)미코,2025-10-29,3.8
씨에스윈드(주),2025-10-30,7.88
엘지이노텍(주),2025-10-31,9.46
(주)에스에프에이,2025-11-03,4.29
덕산네오룩스(주),2025-11-03,7.9
(주)디어유,2025-11-05,4.08
하이록코리아(주),2025-11-05,5.12
(주)TCC스틸,2025-11-05,3.98
케이씨씨글라스,2025-11-11,5
(주)제이와이피엔터테인먼트,2025-11-12,4.91
코스맥스(주),2025-11-12,11.91
오씨아이홀딩스,2025-11-12,11.72
한화엔진,2025-11-12,9.76
(주)경동나비엔,2025-11-13,8.12
한국콜마(주),2025-11-13,9.34
(주)하나투어,2025-11-13,7.72
(주)이수페타시스,2025-11-14,11.01
(주)테스,2025-11-17,8.43
세아제강지주,2025-11-17,11.06
(주)진성티이씨,2025-11-20,7.12
(주)엔씨소프트,2025-11-20,7.13
비나텍(주),2025-11-21,5.23
(주)한국카본,2025-11-21,9.49
(주)파라다이스,2025-11-21,7.13
디와이파워(주),2025-11-24,5.02
삼성에피스홀딩스(주),2025-11-24,6.7
(주)이마트,2025-11-24,7.89
하이트진로(주),2025-11-25,5
(주)테크윙,2025-11-26,4.06
(주)케이씨,2025-11-26,5
(주)와이지엔터테인먼트,2025-11-26,5.09
엠앤씨솔루션,2025-11-26,7.26
동아에스티(주),2025-11-27,5.78
(주)대한항공,2025-11-28,7.01
(주)우신시스템,2025-11-28,4.09
에이치디현대미포,2025-12-01,0
SNT에너지,2025-12-01,4.07
(주)지에스피앤엘,2025-12-02,6.06
에스엘(주),2025-12-03,8.24
삼성전기(주),2025-12-03,10.92
에스티팜(주),2025-12-03,5.02
솔루스첨단소재,2025-12-03,4.03
(주)진시스템,2025-12-04,4.02
디엘이앤씨,2025-12-04,8.06
한화비전,2025-12-04,7.44
CJ제일제당(주),2025-12-05,7.81
(주)엘앤에프,2025-12-08,8.37
감성코퍼레이션(주),2025-12-09,4.03
(주)녹십자,2025-12-11,7.69
엘아이지넥스원(주),2025-12-12,8.66
한세실업(주),2025-12-12,6.1
S-Oil(주),2025-12-12,8.31
한올바이오파마(주),2025-12-12,8.3
삼화전기(주),2025-12-15,7.29
(주)달바글로벌,2025-12-15,6.28
(주)제이에스코퍼레이션,2025-12-16,6.08
코오롱인더스트리(주),2025-12-16,7.74
(주)코리아써키트,2025-12-16,5.05
HL홀딩스,2025-12-16,8.41
(주)한섬,2025-12-17,6.29
(주)더존비즈온,2025-12-17,8.22
STX엔진(주),2025-12-17,6.5
(주)오스코텍,2025-12-17,3.87
해성디에스(주),2025-12-18,7.19
(주)에스투더블유,2025-12-19,5.41
현대엘리베이터(주),2025-12-19,10.28
대상(주),2025-12-19,11.68
에이치디씨현대산업개발,2025-12-22,10.45
(주)케이씨텍,2025-12-22,7.52
(주)에이치브이엠,2025-12-22,4.46
브이엠(주),2025-12-23,5.05
KG스틸,2025-12-24,4
현대위아(주),2025-12-26,9.36
아이에스동서(주),2025-12-26,4.89
피에스케이(주),2025-12-29,8.14
(주)에스티아이,2025-12-29,7.43
(주)태광,2025-12-29,6.65
HL만도,2025-12-30,13.05
하나머티리얼즈,2025-12-30,5.01
덴티움,2025-12-30,5.78
코스모신소재(주),2025-12-30,4
롯데관광개발(주),2025-12-30,10.38
한온시스템(주),2025-12-31,5.3
